brand,serial,code,model,source_url
ford,LT51PKX,6407,6000CD
ford,M025345,3306,6000CD
ford,M040300,9628,6000CD
ford,M528803,6795,6000CD
nissan,BP234631991366,6367,BlaupunktMMCDK
nissan,BP538769684801,6543,BlaupunktMMCD
opel,22DC670/60F/GM1670,2004,CAR2004
opel,22DC670/GM0670,1526,CAR2004
opel,22DC681/GM1681,2006,CAR2004
opel,GM020328268659,2411,CAR2003
opel,GM020328296147,7562,CAR2003
opel,GM020347389380,0261,CAR2003
opel,GM0204,2012,CAR2004
opel,GM0204,2013,CAR2004
opel,GM030M33860319,4196,CAR300
opel,GM0400,2014,CAR400
opel,GM0400,2015,CAR400
opel,GM0400,9030,CAR400
opel,GM0670,2004,CAR2004
opel,GM0804,2031,SC804
opel,GM0804,2032,SC804
opel,GM1300V6659365,6429,CAR300
opel,GM1670,2006,CAR2004
opel,GM1681,2007,CAR2004
peugeot,BP2774S7838642,7139,Blaupunkt
renault,7 649 190 391 28 115 9243RT S049,7930,BlaupunktHO
renault,7649190391,7930,BlaupunktHO
vauxhall,GM020347389380,0261,CAR2003
vauxhall,GM020611082913,2017,,https://mhhauto.com/Thread-Vauxhall-CCR-2006-Philips-Code-Needed?action=lastpost
opel,GM020411113927,2004,,https://www.reddit.com/r/opel/comments/1oo3m6z/radio_safe_code/
ford,V007337,6500,,https://www.unlockforum.com/forum/non-gsm-mobile-related-forums/automotive/free-car-radio-unlock-codes/7506-visteon-6500r-radio-codes-please
ford,C815,6500,,https://www.unlockforum.com/forum/non-gsm-mobile-related-forums/automotive/free-car-radio-unlock-codes/7506-visteon-6500r-radio-codes-please
ford,C815,001677,,https://www.unlockforum.com/forum/non-gsm-mobile-related-forums/automotive/free-car-radio-unlock-codes/5978-ford-focus-cd-radio-unlock-code/page5
ford,V146759,146759,,https://www.unlockforum.com/forum/non-gsm-mobile-related-forums/automotive/free-car-radio-unlock-codes/5318-ford-focus-radio-code-needed/page23
ford,M049120,049120,,https://www.unlockforum.com/forum/non-gsm-mobile-related-forums/automotive/free-car-radio-unlock-codes/5065-radio-unlock-code-for-ford-3000-traffic-with-lock10-showing-pleaseee/page3
ford,C044,6561,,https://www.unlockforum.com/forum/non-gsm-mobile-related-forums/automotive/free-car-radio-unlock-codes/7759-request-for-ford-focus-6000-cd-rds-radio-unlock-code/page2
ford,M004507,004507,,https://www.unlockforum.com/forum/non-gsm-mobile-related-forums/automotive/free-car-radio-unlock-codes/7774-ford-radio-code/page3
ford,C815,027929,,https://www.unlockforum.com/forum/non-gsm-mobile-related-forums/automotive/free-car-radio-unlock-codes/5848-code-ford-visteon/page3
ford,M654321,654321,,https://www.unlockforum.com/forum/non-gsm-mobile-related-forums/automotive/free-car-radio-unlock-codes/5318-ford-focus-radio-code-needed/page21
ford,V654321,654321,,https://www.unlockforum.com/forum/non-gsm-mobile-related-forums/automotive/free-car-radio-unlock-codes/5318-ford-focus-radio-code-needed/page21
ford,M039783,039783,,https://mhhauto.com/Thread-Ford-Focus-2008-Radio-Code
ford,V212672,212672,,https://mhhauto.com/Thread-CODE-RADIO-FORD--5054?pid=383888
ford,C815,212672,,https://mhhauto.com/Thread-CODE-RADIO-FORD--5054?pid=383888
ford,C939,051613,,https://mhhauto.com/Thread-Ford-Focus-Radio-code-Needed
ford,M134951,2005,,https://mhhauto.com/Thread-Ford-Radio-Code-M-series
ford,C815,2005,,https://mhhauto.com/Thread-Ford-Radio-Code-M-series
ford,M002367,002367,,https://mhhauto.com/Thread-Radio-Code-Ford-Focus-Visteon
ford,B988,002367,,https://mhhauto.com/Thread-Radio-Code-Ford-Focus-Visteon
ford,C214,002367,,https://mhhauto.com/Thread-Radio-Code-Ford-Focus-Visteon
ford,V007705,007705,,https://mhhauto.com/Thread-Ford-focus-pin-code
ford,K931,007705,,https://mhhauto.com/Thread-Ford-focus-pin-code
ford,M073302,073302,,https://mhhauto.com/Thread-FORD-RADIO-CODE--46325
ford,K876,073302,,https://mhhauto.com/Thread-FORD-RADIO-CODE--46325
ford,M123456,123456,,https://play.google.com/store/apps/details?id=appinventor.ai_verkaufsagentur28.MCode_Radiocodes&hl=en_US
ford,M062368,062368,,https://www.youtube.com/watch?v=iXxCr6lYJCc
ford,V123456,123456,,https://play.google.com/store/apps/details?id=appinventor.ai_radiocode.V_SERIAL_DECODER_ENGLISH
vw,VWZ2Z2V7095193,2014,,https://www.unlockforum.com/forum/non-gsm-mobile-related-forums/automotive/free-car-radio-unlock-codes/16594-vw-car-radio-code
vw,VWZZZ1T26W052681,052681,,https://www.unlockforum.com/forum/non-gsm-mobile-related-forums/automotive/free-car-radio-unlock-codes/3353-vw-mfd2
vw,VWZ4Z7F6110920,685492,,https://mhhauto.com/printthread.php?tid=173625&page=13
renault,U757,2008,,https://www.unlockforum.com/forum/non-gsm-mobile-related-forums/automotive/free-car-radio-unlock-codes/3726-renault-car-radio-code?view=stream&p=165847
renault,A100,0070,,https://www.scribd.com/document/761638272/Renault-Full-List-Radio-Code
renault,G550,0070,,https://www.scribd.com/document/761638272/Renault-Full-List-Radio-Code
renault,N100,0070,,https://www.scribd.com/document/761638272/Renault-Full-List-Radio-Code
renault,T550,0070,,https://www.scribd.com/document/761638272/Renault-Full-List-Radio-Code
fiat,M038291,038291,,https://www.unlockforum.com/forum/non-gsm-mobile-related-forums/automotive/free-car-radio-unlock-codes/3000-fiat-stilo-visteon-cd-radio-code/page59
fiat,C939,2009,,https://www.unlockforum.com/forum/non-gsm-mobile-related-forums/automotive/free-car-radio-unlock-codes/2366-fiat-radio-unlock-code/page12?view=stream
fiat,BP331857206813,5512,,https://www.unlockforum.com/forum/non-gsm-mobile-related-forums/automotive/free-car-radio-unlock-codes/4270-fiat-ducato-radio-code-please
fiat,C838,213112,,https://www.unlockforum.com/forum/non-gsm-mobile-related-forums/automotive/free-car-radio-unlock-codes/2366-fiat-radio-unlock-code/page25
fiat,M065915,065915,,https://www.unlockforum.com/forum/non-gsm-mobile-related-forums/automotive/free-car-radio-unlock-codes/2366-fiat-radio-unlock-code?p=304465
fiat,C838,065915,,https://www.unlockforum.com/forum/non-gsm-mobile-related-forums/automotive/free-car-radio-unlock-codes/2366-fiat-radio-unlock-code?p=304465
bmw,V5000257,2455,,https://www.unlockforum.com/forum/non-gsm-mobile-related-forums/automotive/free-car-radio-unlock-codes/5717-becker-radio-code/page169
mercedes,A140,1998,,https://www.unlockforum.com/forum/non-gsm-mobile-related-forums/automotive/free-car-radio-unlock-codes/17257-mercedes-benz-audio-5-panasonic-radio-code-please-help
mercedes,A168,3720,,https://www.unlockforum.com/forum/non-gsm-mobile-related-forums/automotive/free-car-radio-unlock-codes/17257-mercedes-benz-audio-5-panasonic-radio-code-please-help/page13
mercedes,C230,2299,,https://www.unlockforum.com/forum/non-gsm-mobile-related-forums/automotive/free-car-radio-unlock-codes/7874-mercedes-alpine-cm2299-radio-code-help-please
mercedes,V1179605,2210,,https://mhhauto.com/Thread-Need-radio-code-for-Mercedes-Benz-Alpine-Radio
mercedes,A170,2910,,https://mhhauto.com/Thread-Radio-code-for-Mercedes-audio-10-CD--318434
audi,BP8490A1908455,8490,,https://www.unlockforum.com/forum/non-gsm-mobile-related-forums/automotive/free-car-radio-unlock-codes/18042-help-with-a-blaupunkt-bremmen-sqr-49
audi,AUZ1Z2H2535476,2011,,https://mhhauto.com/Thread-Radio-Code-%EF%BC%88VW-AUDI-SKODA-SEAT?pid=2855462
audi,AUZ1Z3H8969627,031380,,https://mhhauto.com/Thread-Audi-concert-radio-code--239889
alfa,BP037822603159,2215,,https://www.unlockforum.com/forum/non-gsm-mobile-related-forums/automotive/free-car-radio-unlock-codes/11218-radio-code-for-alfa-romeo-156
alfa,BP339241832537,6631,,https://mhhauto.com/Thread-Alfa-Romeo-147-radio-code-need
seat,G476,2019,,https://www.unlockforum.com/forum/non-gsm-mobile-related-forums/automotive/free-car-radio-unlock-codes/37281-seat-radio-code-needed-please
seat,G341,2010,,https://www.unlockforum.com/forum/non-gsm-mobile-related-forums/automotive/free-car-radio-unlock-codes/5237-seat-altea-xl-radio-code
seat,VWZ7Z3Y0018191,2007,,https://www.unlockforum.com/forum/non-gsm-mobile-related-forums/automotive/free-car-radio-unlock-codes/7782-seat-rds-2007-code-needed
skoda,BP0750N1720060,0750,,https://www.unlockforum.com/forum/non-gsm-mobile-related-forums/automotive/free-car-radio-unlock-codes/7580-blaupunkt-boston-cc20-for-my-skoda-fabia-2006
mini,R570,10002,,https://www.unlockforum.com/forum/non-gsm-mobile-related-forums/automotive/free-car-radio-unlock-codes/8047-vlassic-rover-mini-cooper-rsp-philips-r570-radio-code-sought-please
mini,VWZ1Z2M4101586,3335,,https://mhhauto.com/Thread-RADIO-CODE--281115
mini,VWZ1Z2M4101586,95128,,https://mhhauto.com/Thread-RADIO-CODE--281115
landrover,M058918,2004,,https://www.unlockforum.com/forum/non-gsm-mobile-related-forums/automotive/free-car-radio-unlock-codes/33422-land-rover-freelander-radio-code
landrover,C838,2004,,https://www.unlockforum.com/forum/non-gsm-mobile-related-forums/automotive/free-car-radio-unlock-codes/33422-land-rover-freelander-radio-code
landrover,M055204,6500,,https://www.unlockforum.com/forum/non-gsm-mobile-related-forums/automotive/free-car-radio-unlock-codes/4983-land-rover-visteon-cd-player-code-please/page32
landrover,C873,500550,,https://www.unlockforum.com/forum/non-gsm-mobile-related-forums/automotive/free-car-radio-unlock-codes/28394-land-rover-radio-code-help
landrover,M030800,000160,,https://mhhauto.com/Thread-Land-Rover-radio-code
landrover,M038927,500150,,https://mhhauto.com/Thread-visteon-radio-cod
landrover,C838,500150,,https://mhhauto.com/Thread-visteon-radio-cod
landrover,M006005,006005,,https://mhhauto.com/Thread-Radio-code-for-LAND-ROVER-FL5-CDX6-RADIO-NEEDED
landrover,M014834,81059,,https://mhhauto.com/Thread-LAND-ROVER-FREELANDER-RADIO-CODE
landrover,C838,2015,,https://mhhauto.com/Thread-LAND-ROVER-FREELANDER-RADIO-CODE
landrover,C873,3303,,https://mhhauto.com/Thread-Land-Rover-radio-code-needed--153657
landrover,C838,2003,,https://mhhauto.com/Thread-LAND-ROVER-FREELANDER-RADIO-CODE?pid=653086
volvo,E076,3920,,https://www.unlockforum.com/forum/non-gsm-mobile-related-forums/automotive/free-car-radio-unlock-codes/27267-volvo-radio-code-v40-2003
volvo,V0387031165096,27593,,https://mhhauto.com/Thread-VOLVO-RADIO-CODE--58843?action=lastpost
jeep,BE238156164,36670,,https://www.unlockforum.com/forum/non-gsm-mobile-related-forums/automotive/free-car-radio-unlock-codes/32792-chrysler-jeep-mygig-unlock-code-request/page18
jeep,BE149270430,1017,,https://www.unlockforum.com/forum/non-gsm-mobile-related-forums/automotive/free-car-radio-unlock-codes/32792-chrysler-jeep-mygig-unlock-code-request
jeep,P05091610AB,0145,,https://mhhauto.com/Thread-Chrysler-Jeep-radio-code--247893
chrysler,BE100703701,36670,,https://www.unlockforum.com/forum/non-gsm-mobile-related-forums/automotive/free-car-radio-unlock-codes/18440-chrysler-radio-code-could-someone-please-help-me-think-i-ve-bought-an-expensive-paperweight-lol
chrysler,BE238156164,36670,,https://www.unlockforum.com/forum/non-gsm-mobile-related-forums/automotive/free-car-radio-unlock-codes/32792-chrysler-jeep-mygig-unlock-code-request/page18
smart,V003,18436,,https://www.unlockforum.com/forum/non-gsm-mobile-related-forums/automotive/free-car-radio-unlock-codes/8600-code-needed-for-smart-radio-cd-in-roadster
smart,V006,0000,,https://www.unlockforum.com/forum/non-gsm-mobile-related-forums/automotive/free-car-radio-unlock-codes/7803-need-radio-keycode-for-mcc-smart-car-stereo-by-grundig
honda,B22017895,2023,,https://mhhauto.com/printthread.php?tid=202581&page=25
honda,532596,31355,,https://mhhauto.com/Thread-2014-Honda-Fit-Jazz-Radio-Code-Please--529779?action=lastpost
toyota,D272,40968,,https://mhhauto.com/Thread-Radio-code-NSZT-W66T
nissan,BP538761136958,5427,,https://mhhauto.com/Thread-Nissan-note-radio-code--476353?pid=3007337
nissan,M066558,003261,,https://apps.apple.com/kz/app/car-radio-code-generator/id1525254189
nissan,V003261,003261,,https://apps.apple.com/kz/app/car-radio-code-generator/id1525254189
nissan,A128,003261,,https://apps.apple.com/kz/app/car-radio-code-generator/id1525254189
nissan,C03730700191103,382182,,https://apps.apple.com/kz/app/car-radio-code-generator/id1525254189
mazda,M071029,3000,,https://www.unlockforum.com/forum/non-gsm-mobile-related-forums/automotive/free-car-radio-unlock-codes/5065-radio-unlock-code-for-ford-3000-traffic-with-lock10-showing-pleaseee
mazda,V044875,044875,,https://mhhauto.com/Thread-%C2%A0Need-code-for-Mazda-bt-50-visteon-mp3
mazda,C815,044875,,https://mhhauto.com/Thread-%C2%A0Need-code-for-Mazda-bt-50-visteon-mp3
mitsubishi,B151,123001,,https://www.unlockforum.com/forum/non-gsm-mobile-related-forums/automotive/free-car-radio-unlock-codes/16518-mitsubishi-triton-l200
subaru,M126304,2000,,https://www.unlockforum.com/forum/non-gsm-mobile-related-forums/automotive/free-car-radio-unlock-codes/7568-stereo-code-request?p=172745
subaru,VWZ1Z3K6401119,2025,,https://mhhauto.com/Thread-Radio-Code-%EF%BC%88VW-AUDI-SKODA-SEAT?pid=3178242
subaru,VWZ4Z7D0002776,0004,,https://mhhauto.com/portal.php?page=9447
subaru,VWZ1Z2G7442590,95320,,https://mhhauto.com/Thread-radio-code-rns-300-with-eeprom
hyundai,B100,85002,,https://mhhauto.com/Thread-Hyundai-emp300-code?pid=1862809
hyundai,D102,2015,,https://mhhauto.com/Thread-hyundai-sonata-radio
hyundai,B101,85002,,https://mhhauto.com/Thread-Code-radio-hyundai-santa-fe--415514
hyundai,B100,2020,,https://mhhauto.com/printthread.php?tid=273273&page=1
hyundai,B220,96100,,https://mhhauto.com/Thread-radio-code-HYUNDAI-santa-fe
kia,H050,96160,,https://mhhauto.com/Forum-Automotive-Radio-Codes?page=640&datecut=9999&prefix=0&sortby=views&order=desc
kia,P050,2024,,https://mhhauto.com/Thread-Code-radio-kia-Venga
cadillac,R652,8671,,https://mhhauto.com/Forum-Automotive-Radio-Codes?page=667
cadillac,V011494,011494,,https://mhhauto.com/Thread-Ford-Cmax-2008-Code?action=lastpost
cadillac,C815,011494,,https://mhhauto.com/Thread-Ford-Cmax-2008-Code?action=lastpost
cadillac,A170,2910,,https://mhhauto.com/portal.php?page=9350
pontiac,BP2775R3983415,2775,,https://www.unlockforum.com/forum/non-gsm-mobile-related-forums/automotive/free-car-radio-unlock-codes/360-blaupunkt-unlock-code-help/page30
rover,M058918,2004,,https://www.unlockforum.com/forum/non-gsm-mobile-related-forums/automotive/free-car-radio-unlock-codes/33422-land-rover-freelander-radio-code
rover,C838,2004,,https://www.unlockforum.com/forum/non-gsm-mobile-related-forums/automotive/free-car-radio-unlock-codes/33422-land-rover-freelander-radio-code
rover,M016891,016891,,https://www.unlockforum.com/forum/non-gsm-mobile-related-forums/automotive/free-car-radio-unlock-codes/18676-land-rover-freelander-2005-radio-code-pleeeeaaaaase/page22
rover,C838,016891,,https://www.unlockforum.com/forum/non-gsm-mobile-related-forums/automotive/free-car-radio-unlock-codes/18676-land-rover-freelander-2005-radio-code-pleeeeaaaaase/page22
rover,M079458,079458,,https://www.unlockforum.com/forum/non-gsm-mobile-related-forums/automotive/free-car-radio-unlock-codes/4499-landrover-freelander-code/page13
rover,C873,500550,,https://www.unlockforum.com/forum/non-gsm-mobile-related-forums/automotive/free-car-radio-unlock-codes/28394-land-rover-radio-code-help
dacia,281157265R,269779,,https://www.unlockforum.com/forum/non-gsm-mobile-related-forums/automotive/free-car-radio-unlock-codes/23605-renault-anatel-agc-1220rf-code
dacia,281153889R,288547,,https://mhhauto.com/Thread-need-radio-code-dacia-logan-2014
lancia,A4363357,735518,,https://www.unlockforum.com/forum/non-gsm-mobile-related-forums/automotive/free-car-radio-unlock-codes/11000-lancia-musa-radio-code
lancia,BE074270096,4352,,https://www.unlockforum.com/forum/non-gsm-mobile-related-forums/automotive/free-car-radio-unlock-codes/393409-lancia-voyager-radio-pin-code
daewoo,281156951RTB582,269779,,https://www.unlockforum.com/forum/non-gsm-mobile-related-forums/automotive/free-car-radio-unlock-codes/20438-i-need-code-for-daewoo-agc-1220rf-a
daewoo,269779,2811,,https://www.unlockforum.com/forum/non-gsm-mobile-related-forums/automotive/free-car-radio-unlock-codes/23605-renault-anatel-agc-1220rf-code
chery,M033886,033886,,https://www.unlockforum.com/forum/non-gsm-mobile-related-forums/automotive/free-car-radio-unlock-codes/7913-ford-6000-cd-radio-code-needed-please?p=146882
chery,S615,2006,,https://www.unlockforum.com/forum/non-gsm-mobile-related-forums/automotive/free-car-radio-unlock-codes/5464-i-need-renault-laguna-radio-code?p=191591
ford,M068728,2006,,https://mechanics.stackexchange.com/questions/81455/radio-code-for-ford-focus-2006
ford,B088,6000,,https://www.youtube.com/watch?v=csl9tiHBnm8
ford,K931,0945,,http://www.freefordradiocode.co.uk/forum/viewtopic.php?t=6457
ford,V129119,129119,,https://www.tiktok.com/@mechanicstipstutorials/video/7503673589934132502
ford,V014667,014667,,https://www.unlockforum.com/forum/non-gsm-mobile-related-forums/automotive/free-car-radio-unlock-codes/6850-code-for-ford-focus-c-max?p=225457
ford,M163174,163174,,https://www.honestjohn.co.uk/forum/post/111164/ford-c-max---radio
ford,M005224,005224,,https://www.reddit.com/r/Ford/comments/1lwlehq/sony_radio_code/
ford,V073260,073260,,https://www.reddit.com/r/FordFocus/comments/rf9nd1/radio_unlock_code_ford_focus_free_and_instant/
ford,VWZ1Z5E3773533,073260,,https://www.reddit.com/r/FordFocus/comments/rf9nd1/radio_unlock_code_ford_focus_free_and_instant/
bmw,BP6262V7074965,6262,,https://www.reddit.com/r/BMW/comments/pv286m/radio_code_for_e36/
ford,M025264,025264,,https://www.unlockforum.com/forum/non-gsm-mobile-related-forums/automotive/free-car-radio-unlock-codes/3964-ford-unlock-code/page100
ford,M104555,104555,,https://www.unlockforum.com/forum/non-gsm-mobile-related-forums/automotive/free-car-radio-unlock-codes/7270-ford-radio-code-please?p=131507
vw,VWZ9Z7H3139831,2013,,https://www.unlockforum.com/forum/non-gsm-mobile-related-forums/automotive/free-car-radio-unlock-codes/10175-vw-car-radio-code-request
renault,O355,2002,,https://www.unlockforum.com/forum/non-gsm-mobile-related-forums/automotive/free-car-radio-unlock-codes/4080-renault-scenic-radio-code?p=150371
blaupunkt,AUZ1Z1C3179460,1300,,https://www.youtube.com/watch?v=pxysmc7I9IE
blaupunkt,VWZ1Z1V1442229,1300,,https://www.youtube.com/watch?v=pxysmc7I9IE
blaupunkt,BP051155464034,1300,,https://www.youtube.com/watch?v=pxysmc7I9IE
blaupunkt,BP3301Y1234567,3301,,https://www.carstereocode.com/unlock.php?id=2878
blaupunkt,D225,7301,,https://www.carstereocode.com/unlock.php?id=1669
blaupunkt,BP730198502964,2009,,https://www.ecoustics.com/electronics/forum/car-audio/757410.html
blaupunkt,815BP730198502964,2009,,https://www.ecoustics.com/electronics/forum/car-audio/757410.html
opel,M010203,010203,,https://play.google.com/store/apps/details?id=carradiocodeunlocker.unlockgenerator&hl=en_US
opel,V010203,010203,,https://play.google.com/store/apps/details?id=carradiocodeunlocker.unlockgenerator&hl=en_US
peugeot,BP8146Y5935543,2040,,https://www.ecoustics.com/electronics/forum/car-audio/711049.html
peugeot,VWZ2Z2F1948036,2010,,https://www.facebook.com/groups/1184917961652630/posts/2753774844766926/
peugeot,BF59002366,2013,,https://www.nairaland.com/935835/radio-unlock-code-peugeot-406
citroen,BP052677003905,1994,,https://www.radiocodes.co/en/radio-code/citroen/c3
citroen,A129,1994,,https://www.radiocodes.co/en/radio-code/citroen/c3
citroen,F312,1994,,https://www.radiocodes.co/en/radio-code/citroen/c3
fiat,M025069,025069,,https://mhhauto.com/Thread-radio-code-fiat-bravo--204978?pid=1401949&mode=linear
fiat,M003609,003609,,https://mhhauto.com/Thread-Radio-code-Fiat-Bravo-2006
alfa,BP723346696293,1232,,https://www.radiocodes.co/en/radio-code/alfa-romeo/giulietta
alfa,Y127,1232,,https://www.radiocodes.co/en/radio-code/alfa-romeo/giulietta
alfa,E853,5348,,https://www.facebook.com/groups/701068075324183/posts/859309049500084/
mercedes,S320,1432,,https://www.benzworld.org/threads/free-radio-codes.3006059/
seat,E853,5348,,https://www.facebook.com/groups/314326109092804/posts/2046901655835232/
nissan,BP334947235733,2004,,https://www.unlockforum.com/forum/non-gsm-mobile-related-forums/automotive/free-car-radio-unlock-codes/4428-i-need-a-code-for-nissan-micra-set?p=139201
nissan,BP536556442477,0303,,https://micra.org.uk/threads/nissan-micra-radio-code-please.69128/
kia,H000,96510,,https://forum.gsmhosting.com/vbb/f179/code-kia-ceed-radio-needed-2552400/
landrover,S0007364,3144,,https://rangerovers.pub/topic/1727-clarion-diversity-radio-code
jeep,F459,1263,,https://www.unlockforum.com/forum/non-gsm-mobile-related-forums/automotive/free-car-radio-unlock-codes/7152-jeep-wrangler-radio-unlock-code?p=126624
dodge,QN623104232,1500,,https://apps.apple.com/us/app/dodge-ram-radio-code-instant/id6748541304
peugeot,BP8146Y5916690,8146,,https://www.reddit.com/r/peugeot/comments/fyh14r/would_someone_be_able_to_tell_me_what_my_radio/
citroen,GM020411113927,2004,,https://www.reddit.com/r/opel/comments/1oo3m6z/radio_safe_code/
ford,V038781,6000,,https://www.honestjohn.co.uk/forum/post/130998/ford-radio-code
vw,M010203,010203,,https://play.google.com/store/apps/details?id=carradiocodeunlocker.unlockgenerator&hl=en_US
vw,V010203,010203,,https://play.google.com/store/apps/details?id=carradiocodeunlocker.unlockgenerator&hl=en_US
ford,V874382,6000,,https://www.reddit.com/r/Ford/comments/yvshcy/ford_6000cd_radio_code/
vw,B74P049082,049082,,https://www.reddit.com/r/Volkswagen/comments/1gi6ord/radio_code_retrieval/
ford,V092932,2021,,https://www.honestjohn.co.uk/forum/post/130998/ford-radio-code
ford,V245635,2019,,https://www.honestjohn.co.uk/forum/post/130998/ford-radio-code
ford,V016358,2021,,https://www.honestjohn.co.uk/forum/post/130998/ford-radio-code
vauxhall,GM020317618588,2003,,https://www.unlockforum.com/forum/non-gsm-mobile-related-forums/automotive/free-car-radio-unlock-codes/33172-vauxhall-radio-code-needed?view=stream&p=283509
ford,V850,92128,,http://blog.vvdishop.com/vvdi-prog-get-rcd310-radio-code/
vw,V850,92128,,http://blog.vvdishop.com/vvdi-prog-get-rcd310-radio-code/
seat,M010203,010203,,https://play.google.com/store/apps/details?id=carradiocodeunlocker.unlockgenerator&hl=en_US
seat,V010203,010203,,https://play.google.com/store/apps/details?id=carradiocodeunlocker.unlockgenerator&hl=en_US
skoda,M010203,010203,,https://play.google.com/store/apps/details?id=carradiocodeunlocker.unlockgenerator&hl=en_US
skoda,V010203,010203,,https://play.google.com/store/apps/details?id=carradiocodeunlocker.unlockgenerator&hl=en_US
toyota,M010203,010203,,https://play.google.com/store/apps/details?id=carradiocodeunlocker.unlockgenerator&hl=en_US
toyota,V010203,010203,,https://play.google.com/store/apps/details?id=carradiocodeunlocker.unlockgenerator&hl=en_US
suzuki,M010203,010203,,https://play.google.com/store/apps/details?id=carradiocodeunlocker.unlockgenerator&hl=en_US
suzuki,V010203,010203,,https://play.google.com/store/apps/details?id=carradiocodeunlocker.unlockgenerator&hl=en_US
hyundai,B100,5591,,https://www.carstereocode.com/unlock.php?mk=45
hyundai,B101,5591,,https://www.carstereocode.com/unlock.php?mk=45
hyundai,B200,5591,,https://www.carstereocode.com/unlock.php?mk=45
hyundai,B200,85002,,https://www.carstereocode.com/unlock.php?mk=45
hyundai,D101,85002,,https://www.carstereocode.com/unlock.php?mk=45
hyundai,D102,85002,,https://www.carstereocode.com/unlock.php?mk=45
hyundai,K230,5002,,https://www.carstereocode.com/unlock.php?mk=45
hyundai,E200,85003,,https://www.carstereocode.com/unlock.php?mk=45
hyundai,C106,85003,,https://www.carstereocode.com/unlock.php?mk=45
hyundai,D103,85002,,https://www.carstereocode.com/unlock.php?mk=45
hyundai,B458,85002,,https://www.carstereocode.com/unlock.php?mk=45
hyundai,H107,85002,,https://www.carstereocode.com/unlock.php?mk=45
kia,M010203,010203,,https://play.google.com/store/apps/details?id=carradiocodeunlocker.unlockgenerator&hl=en_US
kia,V010203,010203,,https://play.google.com/store/apps/details?id=carradiocodeunlocker.unlockgenerator&hl=en_US
vauxhall,GM020332155422,2014,,https://www.vauxhallownersnetwork.co.uk/threads/how-to-find-radio-code.433806/
renault,A101,0070,,https://github.com/ojacquemart/renault-radio-code-list
renault,A102,0070,,https://github.com/ojacquemart/renault-radio-code-list
renault,A103,0070,,https://github.com/ojacquemart/renault-radio-code-list
renault,A104,0070,,https://gist.github.com/radiocodefinder/902c5f9003eb0bed7ea72fbc842c11e8
renault,A105,0070,,https://gist.github.com/radiocodefinder/902c5f9003eb0bed7ea72fbc842c11e8
renault,A106,0070,,https://gist.github.com/radiocodefinder/902c5f9003eb0bed7ea72fbc842c11e8
renault,A107,0070,,https://gist.github.com/radiocodefinder/902c5f9003eb0bed7ea72fbc842c11e8
renault,A108,0070,,https://gist.github.com/radiocodefinder/902c5f9003eb0bed7ea72fbc842c11e8
renault,D123,1187,,https://www.renaultradiounlock.com/codes.html
renault,D124,1187,,https://www.renaultradiounlock.com/codes.html
renault,D125,1187,,https://www.renaultradiounlock.com/codes.html
renault,D126,1187,,https://www.renaultradiounlock.com/codes.html
renault,D127,1187,,https://www.renaultradiounlock.com/codes.html
renault,D128,1187,,https://www.renaultradiounlock.com/codes.html
renault,D129,1187,,https://www.renaultradiounlock.com/codes.html
renault,D130,1187,,https://www.renaultradiounlock.com/codes.html
renault,D131,1187,,https://www.renaultradiounlock.com/codes.html
renault,D132,1187,,https://www.renaultradiounlock.com/codes.html
renault,D133,1187,,https://www.renaultradiounlock.com/codes.html
renault,D134,1187,,https://www.renaultradiounlock.com/codes.html
renault,D135,1187,,https://www.renaultradiounlock.com/codes.html
renault,D136,1187,,https://www.renaultradiounlock.com/codes.html
renault,D123,1850,,https://www.autoxuga.com/averiasrecibidas/faultcars/faultsrenault/renaultdtcD123.html
blaupunkt,M123123,123123,,https://play.google.com/store/apps/details?id=com.findradiocode.findradiocodeinstantly
blaupunkt,V123123,123123,,https://play.google.com/store/apps/details?id=com.findradiocode.findradiocodeinstantly
blaupunkt,D591,123123,,https://play.google.com/store/apps/details?id=com.findradiocode.findradiocodeinstantly
ford,V063329,6000,,https://www.facebook.com/groups/146205476844472/posts/1059869652144712/
ford,M264339,264339,,https://www.honestjohn.co.uk/forum/post/index.htm?t=103260
vauxhall,GM020531816196,2005,,https://www.justanswer.com/car-electronics/77x0g-hi-lost-radio-code-2003-opel-corsa-its-cdr-2005.html
vauxhall,GM020411113927,2004,,https://www.reddit.com/r/opel/comments/1oo3m6z/radio_safe_code/
renault,A109,0070,,https://www.renaultradiounlock.com/codes.html
renault,A110,0070,,https://www.renaultradiounlock.com/codes.html
renault,D123,0070,,https://www.scribd.com/document/704330417/Renault-Radio-Code
renault,D124,0070,,https://www.scribd.com/document/704330417/Renault-Radio-Code
renault,D125,0070,,https://www.scribd.com/document/704330417/Renault-Radio-Code
renault,D126,0070,,https://www.scribd.com/document/704330417/Renault-Radio-Code
renault,D127,0070,,https://www.scribd.com/document/704330417/Renault-Radio-Code
renault,G551,0070,,https://www.scribd.com/document/704330417/Renault-Radio-Code
renault,G552,0070,,https://www.scribd.com/document/704330417/Renault-Radio-Code
renault,G553,0070,,https://www.scribd.com/document/704330417/Renault-Radio-Code
renault,G554,0070,,https://www.scribd.com/document/704330417/Renault-Radio-Code
renault,G550,6450,,https://www.renaultradiounlock.com/codes.html
renault,G551,6450,,https://www.renaultradiounlock.com/codes.html
renault,G552,6450,,https://www.renaultradiounlock.com/codes.html
renault,G553,6450,,https://www.renaultradiounlock.com/codes.html
renault,G554,6450,,https://www.renaultradiounlock.com/codes.html
renault,G555,6450,,https://www.renaultradiounlock.com/codes.html
renault,G556,6450,,https://www.renaultradiounlock.com/codes.html
renault,N101,0070,,https://www.scribd.com/document/704330417/Renault-Radio-Code
renault,N102,0070,,https://www.scribd.com/document/704330417/Renault-Radio-Code
renault,N103,0070,,https://www.scribd.com/document/704330417/Renault-Radio-Code
renault,N104,0070,,https://www.scribd.com/document/704330417/Renault-Radio-Code
lancia,BP3318A1234567,3318,,https://findradiocode.com/lancia-radio-code?srsltid=AfmBOoqnRbvkK_RcSPqj6XhIFOdY_eQk0TrTPqZ00DTfX7GGq9gsAdZ_
rover,C838,3029,,https://www.carstereocode.com/unlock.php?mk=23
rover,R652,2008,,https://www.mg-rover.org/threads/how-to-enter-radio-security-code-r652-r750-r770-r860-r950.264537/
alfa,BP331147083066,2004,,http://www.freefordradiocode.co.uk/forum/viewtopic.php?p=55843
landrover,L322,3342,,https://www.landyzone.co.uk/land-rover/radio-code.383098/
renault,"T551",0070,"","https://www.scribd.com/document/704330417/Renault-Radio-Code"
renault,"T552",0070,"","https://www.scribd.com/document/704330417/Renault-Radio-Code"
renault,"T553",0070,"","https://www.scribd.com/document/704330417/Renault-Radio-Code"
renault,"T554",0070,"","https://www.scribd.com/document/704330417/Renault-Radio-Code"
renault,"U757",0070,"","https://www.scribd.com/document/704330417/Renault-Radio-Code"
renault,"U758",0070,"","https://www.scribd.com/document/704330417/Renault-Radio-Code"
renault,"U759",0070,"","https://www.scribd.com/document/704330417/Renault-Radio-Code"
renault,"U760",0070,"","https://www.scribd.com/document/704330417/Renault-Radio-Code"
renault,"U761",0070,"","https://www.scribd.com/document/704330417/Renault-Radio-Code"
renault,"O355",0070,"","https://www.scribd.com/document/704330417/Renault-Radio-Code"
renault,"O356",0070,"","https://www.scribd.com/document/704330417/Renault-Radio-Code"
renault,"O357",0070,"","https://www.scribd.com/document/704330417/Renault-Radio-Code"
renault,"O358",0070,"","https://www.scribd.com/document/704330417/Renault-Radio-Code"
renault,"O359",0070,"","https://www.scribd.com/document/704330417/Renault-Radio-Code"
renault,"L744",0070,"","https://www.scribd.com/document/704330417/Renault-Radio-Code"
renault,"L745",0070,"","https://www.scribd.com/document/704330417/Renault-Radio-Code"
renault,"L746",0070,"","https://www.scribd.com/document/704330417/Renault-Radio-Code"
renault,"L747",0070,"","https://www.scribd.com/document/704330417/Renault-Radio-Code"
renault,"L748",0070,"","https://www.scribd.com/document/704330417/Renault-Radio-Code"
renault,"L744",2572,"","https://www.renaultradiounlock.com/codes.html"
renault,"L745",2572,"","https://www.renaultradiounlock.com/codes.html"
renault,"L746",2572,"","https://www.renaultradiounlock.com/codes.html"
renault,"L747",2572,"","https://www.renaultradiounlock.com/codes.html"
renault,"L748",2572,"","https://www.renaultradiounlock.com/codes.html"
renault,"L749",2572,"","https://www.renaultradiounlock.com/codes.html"
renault,"L750",2572,"","https://www.renaultradiounlock.com/codes.html"
renault,"L946",0070,"","https://www.scribd.com/document/704330417/Renault-Radio-Code"
renault,"L947",0070,"","https://www.scribd.com/document/704330417/Renault-Radio-Code"
renault,"L948",0070,"","https://www.scribd.com/document/704330417/Renault-Radio-Code"
renault,"L949",0070,"","https://www.scribd.com/document/704330417/Renault-Radio-Code"
renault,"L950",0070,"","https://www.scribd.com/document/704330417/Renault-Radio-Code"
renault,"L946",2155,"","https://github.com/ojacquemart/renault-radio-code-list"
renault,"L947",2155,"","https://github.com/ojacquemart/renault-radio-code-list"
renault,"L948",2155,"","https://github.com/ojacquemart/renault-radio-code-list"
renault,"L949",2155,"","https://github.com/ojacquemart/renault-radio-code-list"
renault,"L950",2155,"","https://github.com/ojacquemart/renault-radio-code-list"
renault,"L951",2155,"","https://www.renaultradiounlock.com/codes.html"
renault,"L952",2155,"","https://www.renaultradiounlock.com/codes.html"
renault,"R744",0070,"","https://www.scribd.com/document/704330417/Renault-Radio-Code"
renault,"R745",0070,"","https://www.scribd.com/document/704330417/Renault-Radio-Code"
renault,"R746",0070,"","https://www.scribd.com/document/704330417/Renault-Radio-Code"
renault,"R747",0070,"","https://www.scribd.com/document/704330417/Renault-Radio-Code"
renault,"R748",0070,"","https://www.scribd.com/document/704330417/Renault-Radio-Code"
renault,"R744",8274,"","https://github.com/ojacquemart/renault-radio-code-list"
renault,"R745",8274,"","https://github.com/ojacquemart/renault-radio-code-list"
renault,"R746",8274,"","https://github.com/ojacquemart/renault-radio-code-list"
renault,"R747",8274,"","https://github.com/ojacquemart/renault-radio-code-list"
renault,"R748",8274,"","https://github.com/ojacquemart/renault-radio-code-list"
opel,"GM020531816196",2005,"","https://www.justanswer.com/car-electronics/77x0g-hi-lost-radio-code-2003-opel-corsa-its-cdr-2005.html"
bmw,"BPO27339997197",8389,"","https://www.justanswer.com/car/0xm6x-just-purchased-new-bmw-business-cd-radio-1991.html"
mercedes,"W168",2750,"","https://mbworld.org/forums/class-w168-w169/855443-please-help-radio-code.html"
mercedes,"W169",2750,"","https://mbworld.org/forums/class-w168-w169/855443-please-help-radio-code.html"
fiat,"M050996",050996,"","https://www.fiatforum.com/threads/the-one-and-only-code-for-fiat-radio-thread.85204/page-3"
kia,"D736",2949,"","https://www.jnport.gov.in/uploads/content_manager/List_of_DPD_parties_regds_16032026.pdf"
kia,"E436",2949,"","https://www.jnport.gov.in/uploads/content_manager/List_of_DPD_parties_regds_16032026.pdf"
kia,"G598",2949,"","https://www.jnport.gov.in/uploads/content_manager/List_of_DPD_parties_regds_16032026.pdf"
kia,"D420",2949,"","https://www.jnport.gov.in/uploads/content_manager/List_of_DPD_parties_regds_16032026.pdf"
kia,"B283",5875,"","https://www.jnport.gov.in/uploads/content_manager/List_of_DPD_parties_regds_16032026.pdf"
kia,"C823",2364,"","https://www.jnport.gov.in/uploads/content_manager/List_of_DPD_parties_regds_16032026.pdf"
kia,"G971",6360,"","https://www.jnport.gov.in/uploads/content_manager/List_of_DPD_parties_regds_16032026.pdf"
kia,"A326",3373,"","https://www.jnport.gov.in/uploads/content_manager/List_of_DPD_parties_regds_16032026.pdf"
kia,"F836",0213,"","https://www.jnport.gov.in/uploads/content_manager/List_of_DPD_parties_regds_16032026.pdf"
kia,"G819",5804,"","https://www.jnport.gov.in/uploads/content_manager/List_of_DPD_parties_regds_16032026.pdf"
kia,"A494",9362,"","https://www.jnport.gov.in/uploads/content_manager/List_of_DPD_parties_regds_16032026.pdf"
kia,"C106",1590,"","https://www.jnport.gov.in/uploads/content_manager/List_of_DPD_parties_regds_16032026.pdf"
kia,"A609",5807,"","https://www.jnport.gov.in/uploads/content_manager/List_of_DPD_parties_regds_16032026.pdf"
kia,"B777",5808,"","https://www.jnport.gov.in/uploads/content_manager/List_of_DPD_parties_regds_16032026.pdf"
kia,"G625",5809,"","https://www.jnport.gov.in/uploads/content_manager/List_of_DPD_parties_regds_16032026.pdf"
kia,"A331",2536,"","https://www.jnport.gov.in/uploads/content_manager/List_of_DPD_parties_regds_16032026.pdf"
kia,"H311",5811,"","https://www.jnport.gov.in/uploads/content_manager/List_of_DPD_parties_regds_16032026.pdf"
kia,"B281",18231,"","https://www.jnport.gov.in/uploads/content_manager/List_of_DPD_parties_regds_16032026.pdf"
kia,"B877",8578,"","https://www.jnport.gov.in/uploads/content_manager/List_of_DPD_parties_regds_16032026.pdf"
kia,"A065",8223,"","https://www.jnport.gov.in/uploads/content_manager/List_of_DPD_parties_regds_16032026.pdf"
kia,"G530",7607,"","https://www.jnport.gov.in/uploads/content_manager/List_of_DPD_parties_regds_16032026.pdf"
kia,"D793",5816,"","https://www.jnport.gov.in/uploads/content_manager/List_of_DPD_parties_regds_16032026.pdf"
kia,"E426",5288,"","https://www.jnport.gov.in/uploads/content_manager/List_of_DPD_parties_regds_16032026.pdf"
kia,"B473",4035,"","https://www.jnport.gov.in/uploads/content_manager/List_of_DPD_parties_regds_16032026.pdf"
kia,"F171",0578,"","https://www.jnport.gov.in/uploads/content_manager/List_of_DPD_parties_regds_16032026.pdf"
kia,"A676",4759,"","https://www.jnport.gov.in/uploads/content_manager/List_of_DPD_parties_regds_16032026.pdf"
kia,"C729",6531,"","https://www.jnport.gov.in/uploads/content_manager/List_of_DPD_parties_regds_16032026.pdf"
kia,"C980",7216,"","https://www.jnport.gov.in/uploads/content_manager/List_of_DPD_parties_regds_16032026.pdf"
kia,"C829",3095,"","https://www.jnport.gov.in/uploads/content_manager/List_of_DPD_parties_regds_16032026.pdf"
kia,"G129",3243,"","https://www.jnport.gov.in/uploads/content_manager/List_of_DPD_parties_regds_16032026.pdf"
kia,"H350",2412,"","https://www.jnport.gov.in/uploads/content_manager/List_of_DPD_parties_regds_16032026.pdf"
kia,"H050",5826,"","https://www.jnport.gov.in/uploads/content_manager/List_of_DPD_parties_regds_16032026.pdf"
kia,"C646",7097,"","https://www.jnport.gov.in/uploads/content_manager/List_of_DPD_parties_regds_16032026.pdf"
kia,"E996",8857,"","https://www.jnport.gov.in/uploads/content_manager/List_of_DPD_parties_regds_16032026.pdf"
kia,"G797",8857,"","https://www.jnport.gov.in/uploads/content_manager/List_of_DPD_parties_regds_16032026.pdf"
kia,"B713",5830,"","https://www.jnport.gov.in/uploads/content_manager/List_of_DPD_parties_regds_16032026.pdf"
kia,"A240",0244,"","https://www.jnport.gov.in/uploads/content_manager/List_of_DPD_parties_regds_16032026.pdf"
kia,"F339",6967,"","https://www.jnport.gov.in/uploads/content_manager/List_of_DPD_parties_regds_16032026.pdf"
kia,"C271",6967,"","https://www.jnport.gov.in/uploads/content_manager/List_of_DPD_parties_regds_16032026.pdf"
kia,"D257",6481,"","https://www.jnport.gov.in/uploads/content_manager/List_of_DPD_parties_regds_16032026.pdf"
kia,"D848",5835,"","https://www.jnport.gov.in/uploads/content_manager/List_of_DPD_parties_regds_16032026.pdf"
kia,"C918",5836,"","https://www.jnport.gov.in/uploads/content_manager/List_of_DPD_parties_regds_16032026.pdf"
kia,"E525",5161,"","https://www.jnport.gov.in/uploads/content_manager/List_of_DPD_parties_regds_16032026.pdf"
kia,"B356",0243,"","https://www.jnport.gov.in/uploads/content_manager/List_of_DPD_parties_regds_16032026.pdf"
kia,"D029",2916,"","https://www.jnport.gov.in/uploads/content_manager/List_of_DPD_parties_regds_16032026.pdf"
kia,"E450",6093,"","https://www.jnport.gov.in/uploads/content_manager/List_of_DPD_parties_regds_16032026.pdf"
kia,"B920",7840,"","https://www.jnport.gov.in/uploads/content_manager/List_of_DPD_parties_regds_16032026.pdf"
smart,"V003",55371,"","https://mhhauto.com/Thread-Smart-Radio-Code-Grundig-MC3416"
smart,"V003",3503,"","https://clubsmartcar.com/index.php?/topic/33542-new-key-programmed-but-key-buttons-dont-work/"
smart,"V006",2011,"","https://www.unlockforum.com/forum/non-gsm-mobile-related-forums/automotive/free-car-radio-unlock-codes/5797-radio-code-for-smart-fortwo"
seat,"G476",03182,"","https://www.facebook.com/groups/178807695846320/posts/2501876043539462/"
landrover,"R660",2203,"","https://www.carstereocode.com/unlock.php?mk=33"
landrover,"R660",101020,"","https://www.carstereocode.com/unlock.php?mk=33"
landrover,"R760",100900,"","https://www.carstereocode.com/unlock.php?mk=33"
mini,"R570",5311,"","https://www.unlockforum.com/forum/non-gsm-mobile-related-forums/automotive/free-car-radio-unlock-codes/390527-philips-r570-code-needed"
mini,"R570",10056,"","https://www.instant-radio-codes.com/radio-codes-rover?page=1"
mini,"R652",10056,"","https://www.instant-radio-codes.com/radio-codes-rover?page=1"
mini,"R660",10056,"","https://www.instant-radio-codes.com/radio-codes-rover?page=1"
mini,"R670",10037,"","https://www.instant-radio-codes.com/radio-codes-rover?page=1"
mini,"R681",10037,"","https://www.instant-radio-codes.com/radio-codes-rover?page=1"
mini,"VWZ9Z7V3888887",112789,"","https://www.scribd.com/document/775764626/gist-githubusercontent-com-VWZ1Z2Y5298166-e44d7c51f54d8b6094c39cd11ad62062-raw-b105586e78db941e54773508a005af8e22aa7170-vw-radio-codes-csv"
mini,"VWZZZ1KZ9W091014",112789,"","https://www.scribd.com/document/775764626/gist-githubusercontent-com-VWZ1Z2Y5298166-e44d7c51f54d8b6094c39cd11ad62062-raw-b105586e78db941e54773508a005af8e22aa7170-vw-radio-codes-csv"
mini,"VWZ627J9030185",112789,"","https://www.scribd.com/document/775764626/gist-githubusercontent-com-VWZ1Z2Y5298166-e44d7c51f54d8b6094c39cd11ad62062-raw-b105586e78db941e54773508a005af8e22aa7170-vw-radio-codes-csv"
mini,"VWZZZ9NZ8Y109057",112789,"","https://www.scribd.com/document/775764626/gist-githubusercontent-com-VWZ1Z2Y5298166-e44d7c51f54d8b6094c39cd11ad62062-raw-b105586e78db941e54773508a005af8e22aa7170-vw-radio-codes-csv"
mini,"VWZ4Z4G7140709",112789,"","https://www.scribd.com/document/775764626/gist-githubusercontent-com-VWZ1Z2Y5298166-e44d7c51f54d8b6094c39cd11ad62062-raw-b105586e78db941e54773508a005af8e22aa7170-vw-radio-codes-csv"
rover,"R570",10056,"","https://www.instant-radio-codes.com/radio-codes-rover?page=1"
rover,"R652",10056,"","https://www.instant-radio-codes.com/radio-codes-rover?page=1"
rover,"R660",10056,"","https://www.instant-radio-codes.com/radio-codes-rover?page=1"
rover,"R670",10037,"","https://www.instant-radio-codes.com/radio-codes-rover?page=1"
rover,"R681",10037,"","https://www.instant-radio-codes.com/radio-codes-rover?page=1"
rover,"R660",2203,"","https://www.carstereocode.com/unlock.php?mk=33"
rover,"R660",101020,"","https://www.carstereocode.com/unlock.php?mk=33"
rover,"R760",100900,"","https://www.carstereocode.com/unlock.php?mk=33"
rover,"C838",6500,"","https://www.instant-radio-codes.com/decode/land-rover/land-rover-6500-cd-europe/2cff-18c838-a-xqe-000160pma"
rover,"C838",500220,"","https://www.carstereocode.com/unlock.php?id=2695"
vauxhall,"GM020510025750",2001,"","https://www.vauxhallownersnetwork.co.uk/threads/car-radio-codes.324185/"
ford,"M025746",025746,"","https://www.justanswer.com/ford/7vma4-ford-fiesta-radio-serial-no-mo25746-fort-fiesta.html"
ford,"V056748",056748,"","https://www.justanswer.com/uk-ford/abcb2-11-plate-ford-transit-can-t-locate-radio-code.html"
vw,"VWZ9Z7V3888887",112789,"","https://gist.github.com/VWZ1Z2Y5298166/e44d7c51f54d8b6094c39cd11ad62062"
fiat,"BP723346696293",1232,"","https://www.radiocodes.co/en/radio-code/fiat/punto"
fiat,"M117844",1232,"","https://www.radiocodes.co/en/radio-code/fiat/punto"
fiat,"Y127",1232,"","https://www.radiocodes.co/en/radio-code/fiat/punto"
fiat,"M032501",032501,"","https://www.facebook.com/groups/204846030598486/posts/1504636150619461/"
toyota,"D100",86140,"","https://www.reddit.com/r/yaris/comments/1iqw4y7/radio_code/"
nissan,"BP723346696293",117844,"","https://www.radiocodes.co/en/radio-code/nissan/qashqai"
nissan,"M117844",117844,"","https://www.radiocodes.co/en/radio-code/nissan/qashqai"
mercedes,"S320",164318,"","https://www.benzworld.org/threads/free-radio-codes.3006059/"
